,title,published_date,viewCount,likeCount,commentCount,Month
0,"('Electoral Bonds | Supreme Court Struck Down Electoral Bond | ADR | Election Commission |',)",2024-02-18 15:54:12+00:00,4308842,217659,8521.0,Feb
1,"('Railway Information | ALP Seat increase | Railway Physical Protest | Railway Technician Vacancy |',)",2024-01-27 16:44:20+00:00,1684894,133736,8289.0,Jan
2,"('26 January | Republic Day | ALP Seat Increase | NEET Test | KGS NEET |',)",2024-01-26 16:55:03+00:00,1948951,156225,7827.0,Jan
3,"('Happy New Year 2024 | Happy New Year | UPSC New Batch | 70 BPSC New Batch',)",2024-01-01 15:09:19+00:00,1741555,143377,10693.0,Jan
4,"('Luneburg Lens | GPS Spoofing | F-35 Missing | Pilotless Mig23 | Afterburner in Jet | Hezbolah-Israel',)",2023-12-27 04:54:07+00:00,3908523,145349,4745.0,Dec
5,"('Bihar Daroga Paper Leak | Bihar Daroga Question Discussion Khan Sir |',)",2023-12-25 06:29:19+00:00,2433244,124756,9323.0,Dec
6,"('C-295 Aircraft delivery | ALH Dhruv mark-3 | P-8i | MQ-9 Drone | Indian Navy',)",2023-11-26 16:12:00+00:00,1838301,99135,3260.0,Nov
7,"('Types of Navy Ship | Destroyer | Frigate | corvette | Aircraft carrier | Hovercraft | 1971 War Navy',)",2023-11-21 03:42:21+00:00,2160950,117123,9196.0,Nov
8,"('Submarine Types | Akula Class | Kilo Class | Scorpion Class | Tyan Class | AIP | Nuclear Submarine',)",2023-11-17 16:29:06+00:00,2766496,131552,5258.0,Nov
9,"('Submarine | Diesel-Electric Submarine | AIP in Submarine | P-8i | Torpedo | Depth Charge | Sonobouy',)",2023-11-16 03:46:35+00:00,2652223,130358,3261.0,Nov
10,"('Maldives Election Md Muizzu | Israel-Hamas | Bhutan China meeting | Qatar Death Sentenced to Indian',)",2023-11-14 05:08:01+00:00,6484787,285665,11896.0,Nov
11,"('Jews | How Israel Become so Powerful | Jewish | Top Jewish Businessman | Hamas | Israel Palestine |',)",2023-11-13 12:59:43+00:00,8167618,321879,16784.0,Nov
12,"('Attack on Pak  Airbase | TJP | TTP | BLA | Pig hit F-16 Fighter | CPEC | Terrorist Attack in Pak',)",2023-11-12 07:18:15+00:00,3532104,176707,5830.0,Nov
13,"('Submarine ballistic missile | Bulava | Russia Ukraine War | S-400 Payment by India | Happy Diwali',)",2023-11-11 11:15:57+00:00,3953039,186405,7692.0,Nov
14,"('Happy Raksha Bandhan 2023 | Rakhi Festival | Khan Sir Raksha Bandhan',)",2023-08-30 10:31:38+00:00,7855912,512600,17836.0,Aug
15,"('Wagner Group | Coup in Russia | Moscow march | Who is Yevgeny Prigozhin | Ukraine - Russia War',)",2023-07-02 02:53:03+00:00,6912009,300205,11555.0,Jul
16,"('What is NATO | NATO+ | CENTO |SEATO | WARSAW PACT | BAGHDAD PACT | UPSC New Batch Launched',)",2023-06-28 17:18:56+00:00,6351942,272308,10593.0,Jun
17,"('Jet Fuel | ATF | Fuel Dumping | Jettison | Fuel Tank in Aircraft | Mileage of Aircraft |',)",2023-03-21 09:49:53+00:00,6914913,223012,11347.0,Mar
18,"('TACAS System in #aircraft | #TACAS | Traffic & Revolution Advisory in TACAS | Mid Air Collison',)",2023-03-18 12:39:51+00:00,2445536,153729,6714.0,Mar
19,"('Weather Radar of Aircraft | Turbulence in Flight | SHF of Weather radar | Doppler Radar | Khan Sir',)",2023-03-17 12:41:32+00:00,3847349,203262,8339.0,Mar
20,"('Nepal Plane Crash | Yeti Airline | Flap | Spoiler | Condition lever | ATR Airline |',)",2023-03-15 13:54:20+00:00,8223384,365286,13593.0,Mar
21,"('Air India | Vistara Merger in Air India | Air India Order 470 Planes | Boeing Airbus Deal Air India',)",2023-03-13 16:23:18+00:00,5280106,286490,12800.0,Mar
22,"('TAPAS Drone | Rustom -2 Drone | Bangalore Air Show 2023 | DRDO Drone | Khan Sir New Video',)",2023-02-16 08:29:24+00:00,5634738,299910,14636.0,Feb
23,"('Manikant sir I UPSC Batch I Khan Sir UPSC | History by Manikant Sir',)",2022-12-19 16:35:11+00:00,6566281,351933,21376.0,Dec
24,"('China- India Conflict',)",2022-12-14 07:45:37+00:00,7578616,492564,21251.0,Dec
25,"(""Teacher's Day 2022"",)",2022-09-05 17:59:38+00:00,5854808,469427,29585.0,Sep
26,"('Raksha Bandhan by Khan Sir | Raksha Bandhan Detailed Video | Rakhi Festival 2022 by Khan Sir',)",2022-08-13 04:09:01+00:00,8831621,717067,32836.0,Aug
27,"('Happy Raksha Bandhan 2022 | Khan Sir',)",2022-08-11 11:07:28+00:00,13596944,992014,32596.0,Aug
28,"('USNS Charles Drew | I Phone Production in India | Tejas Export to | India Ban Chinese Mobile',)",2022-08-10 06:09:08+00:00,8299128,440226,12640.0,Aug
29,"('SSLV Rocket Failure | Azaadi-SAT | ISRO ECO-2 | NSLV | GSLV | PSLV | SSLV',)",2022-08-09 10:46:29+00:00,5501980,356926,10969.0,Aug
30,"('Yuan wang-5 Surveillance Ship | humbantota   Port | Chinese Surveillance Ship Yuan wang-5',)",2022-08-07 02:17:05+00:00,7012766,407401,11529.0,Aug
31,"('Nancy Pelosi Taiwan Visit | China Taiwan War | China Taiwan conflict | Silicon Shield of Taiwan',)",2022-08-05 16:50:56+00:00,9633261,527651,23333.0,Aug
32,"('Al-Zawahri Killed by US Drone | Baluchistan Conflict | Pak Army Officer Killed in Helicopter Crash',)",2022-08-03 13:07:49+00:00,8717008,517519,23560.0,Aug
33,"('TATA QRFV | Tata Armored Vehicles | Quick Reaction Fighting Vehicle | Military Vehicle',)",2022-08-01 17:18:51+00:00,7352396,392612,12883.0,Aug
34,"('President of India | How Election of President Conduct in India | Droupadi Murmu | Election Process',)",2022-07-31 10:42:11+00:00,6840845,374249,17477.0,Jul
35,"('Ethanol Blending | Flexy Fuel | Sugar Export Ban | Biofuel |',)",2022-06-03 01:45:40+00:00,10609566,524128,19876.0,Jun
36,"('Wheat Export Ban From India | IMF Beg India For Wheat |',)",2022-05-30 11:06:20+00:00,14091786,660654,28068.0,May
37,"('Biography of Putin | How Putin Become President | How Putin Becomes so Powerful | History of Putin',)",2022-05-19 18:36:49+00:00,11047529,559302,15742.0,May
38,"('Sri Lanka Crisis | Dynasty Rule in Sri Lanka | Sri Lanka P.M Resigns | Sri Lanka Emergency',)",2022-05-16 07:33:47+00:00,8127166,445714,16965.0,May
39,"('Russia - Ukraine War | Moskva Sink | India Cancel Mi-17 Helicopter Deal With Russia | NDA New Batch',)",2022-04-28 07:00:41+00:00,8060851,422659,13937.0,Apr
40,"('Brahmos Attack in Pakistan',)",2022-03-15 12:07:29+00:00,15752694,804627,48159.0,Mar
41,"('Ukraine-Russia Crises | Ukraine War | Ukraine War Update | What is NATO',)",2022-02-28 07:09:45+00:00,23151281,1183622,59584.0,Feb
42,"('15 February Class Reopen | New Atlas of Khan Sir | F.I.R on Khan Sir',)",2022-02-14 16:38:09+00:00,5611553,445695,40708.0,Feb
43,"('28 January Protest Cancel | RRB NTPC',)",2022-01-27 17:49:12+00:00,5646965,506236,36253.0,Jan
44,"('Republic day |',)",2022-01-26 08:52:26+00:00,5911193,374470,14015.0,Jan
45,"('26 January | Republic Day',)",2022-01-26 04:19:01+00:00,3937222,371454,13641.0,Jan
46,"('RRB NTPC Scam | #RRBNTPC_1student_1result | RRB NTPC Result',)",2022-01-18 01:20:04+00:00,5372955,349996,20929.0,Jan
47,"('Army Day | New Uniform of Army | Brahmos Export To Philippians | RRB NTPC Result | CDS Crash Report',)",2022-01-15 16:57:58+00:00,6289871,367773,13111.0,Jan
48,"('Sri Lanka | What is Bailout Package | IMF Loan  to Sri Lanka | China Debt Trap to Sri Lanka',)",2022-01-15 07:12:43+00:00,6580360,312956,10092.0,Jan
49,"('Pakistan block | France Ban on Pakistan',)",2022-01-13 06:40:07+00:00,10293789,540684,24570.0,Jan
50,"('galvan valley',)",2022-01-11 10:45:57+00:00,4794493,320225,14101.0,Jan
51,"('PM Modi Security Breach | SPG | PM Modi Punjab Visit |',)",2022-01-07 16:53:31+00:00,14145727,779254,38113.0,Jan
52,"('AR Missile | TTP | Pakistani Drone Attack Failure | Coast Guard Batch | Tehrik-e-Taliban Pakistan',)",2022-01-03 09:58:33+00:00,5408144,362455,11466.0,Jan
53,"('Black Box of Airplane & Helicopter | CDS Bipin Rawat | National Defense Academy | NDA & CDS Batch',)",2021-12-16 16:23:28+00:00,9385673,447220,11281.0,Dec
54,"('CDS Vipin Rawat | Mi-17 Helicopter Crash | Mi-17 V5 Helicopter | Railway NTPC and Group D Exam',)",2021-12-09 07:20:12+00:00,16355160,736351,19331.0,Dec
55,"('#JusticeForRailwayStudents',)",2021-11-30 16:34:55+00:00,2641217,237661,9119.0,Nov
56,"('Repeal of Farm Bill | Session of Parliament |',)",2021-11-23 06:01:58+00:00,4088241,266629,10099.0,Nov
57,"('S400 Missile System |',)",2021-11-20 05:38:05+00:00,5036495,286790,12511.0,Nov
58,"('UNFCCC | COP 26 | NSG | Rio Summit 1992 | Carbon Net Zero 2050 | Carbon Sink',)",2021-11-05 10:54:15+00:00,4668538,275570,8923.0,Nov
59,"('China Loss in Diwali | North Korea Food Crises',)",2021-11-02 14:05:02+00:00,7895731,451435,13749.0,Nov
60,"('FATF | Gray List | Pakistan and Turkey | SSC GD New Batch',)",2021-10-29 15:31:31+00:00,3644341,275460,14042.0,Oct
61,"('Dassault Mirage 2000 | #railway_groupd_examdate | JF17',)",2021-09-26 19:03:58+00:00,5176824,285290,12404.0,Sep
62,"('PF Account | PPE , EPF and NPS | GPF and VPF | Provident Fund | Gratuity | Types of PF Account |',)",2021-09-16 09:35:46+00:00,10581460,368698,17103.0,Sep
63,"('Airbus C-295 | TATA Aircraft | Transport Aircraft | Turbo Prop Engine | AN-32 | Khan Sir New Video',)",2021-09-13 18:14:13+00:00,5482007,276846,10935.0,Sep
64,"('Teacher`s Day | khan sir |',)",2021-09-05 17:14:49+00:00,3848273,363605,36001.0,Sep
65,"('INS Vikrant | How Aircraft carrier Works | INS Vishal | INS Vikrant Radars And Avionics | Mig 29K',)",2021-08-15 13:47:11+00:00,11963339,461796,30884.0,Aug
66,"('UNSC | Taliban | Afghanistan Conflict |',)",2021-08-12 14:00:12+00:00,9999791,489295,18971.0,Aug
67,"('What is e-RUPI | How e-RUPI Work | e-RUPI and UPI | QR Code | SMS in e-RUPI | NPCI | e- Voucher',)",2021-08-05 07:43:47+00:00,7565337,405763,28150.0,Aug
68,"('Taliban | Tehreek -e-Taliban | Dasu Dam Blast | East Turkistan | Chinese Works in Pakistan Blast',)",2021-08-02 09:51:15+00:00,5401173,315326,17599.0,Aug
69,"('New QUAD Group in Afghanistan | TROIKA Plus Group | Taliban | Afghanistan Issue',)",2021-07-24 18:02:40+00:00,4048929,247035,12826.0,Jul
70,"('ATM Card | Plastic Money | Credit Card | Debit Card | VISA | RUPAY | MASTER Card | Card Network',)",2021-07-23 17:19:01+00:00,22257220,736718,30973.0,Jul
71,"('Pegasus Spyware | Malware | Israel NSO Group | India Spying Imran Khan Mobile by Pegasus Spyware',)",2021-07-21 17:46:25+00:00,6276915,383000,20372.0,Jul
72,"('Taliban | Origin of Taliban | Impact of Taliban on India | US Troops return From Afghanistan | Osama',)",2021-07-19 15:49:51+00:00,6698614,368056,24245.0,Jul
73,"('RRC group D Modification | Railway Form Reject',)",2021-07-17 18:53:32+00:00,4230732,268849,12036.0,Jul
74,"('O.I.C Counties and India | India  Refuse O.I.C Countries Proposal on Kashmir Issue',)",2021-07-14 17:24:07+00:00,9388444,484057,34484.0,Jul
75,"('Indian Troops on China Border | China Debt Trap | Third Surgical strike | Drone Attack on Jammu',)",2021-07-05 14:55:01+00:00,7350457,426735,30703.0,Jul
76,"('H-20 Stealth Bomber | B2 Bomber | Over The Horizon Radar | OTH Radar | Chinese Stealth Bomber H-20',)",2021-06-29 16:00:08+00:00,7803234,352157,15376.0,Jun
77,"('China Start Bullet Train & S400 Missile near Border | Theatre Commands of India | Agni Prime Missile',)",2021-06-27 17:56:48+00:00,7457995,412166,31450.0,Jun
78,"('Delta Plus Variant | Wuhan Lab | China Demand Novel Prize | Third Wave of Corona | Corona Vaccine',)",2021-06-26 18:18:30+00:00,3773836,259003,14567.0,Jun
79,"('Maritime Boundary of Country | Fishing Ship | UNO Law of Sea | EEZ |',)",2021-06-25 15:23:17+00:00,11161198,434740,15149.0,Jun
80,"('Coco Island Dispute | Myanmar Dispute | Myanmar Coup | dictatorship in Myanmar | Aung San Suu Kyi',)",2021-06-22 07:39:55+00:00,4490175,347570,54867.0,Jun
81,"('End of Twitter Legal Protection | Twitter Dispute | China Controversial Cartoon On India and G7',)",2021-06-18 16:36:05+00:00,4876830,359090,26733.0,Jun
82,"('G7 Meeting 2021 | BBBW | BRI Project | OBOR | Build Back Better World | G7 Countries | Silk Rout',)",2021-06-17 15:23:18+00:00,5000639,360584,27579.0,Jun
83,"('Article 370 | Large Troops Deployment in Jammu and Kashmir | Nuclear Weapons of India and Pakistan',)",2021-06-15 17:19:50+00:00,6397781,463259,39839.0,Jun
84,"('Delta Variants | All Variants of Corona Virus | Third Wave of Corona | Khan Sir New Video |',)",2021-06-15 13:57:12+00:00,3803752,367496,62206.0,Jun
85,"('Who Is Khan Sir | Khan Sir or Amit Singh | #Report on Khan | Real Name of Khan Sir',)",2021-05-26 13:51:43+00:00,14705230,1242691,430706.0,May
86,"('How Iron dome Work | Israel Missile Defense System | Tamir Missile | Spyder & Arrow Missile Defense',)",2021-05-23 17:13:13+00:00,6458792,301464,26528.0,May
87,"('Ceasefire Between HAMAS and Israel | Israel Palestine Conflict | Gaza | Iron Dome | Al-Aqsa Mosque',)",2021-05-22 10:22:46+00:00,7651005,386516,39642.0,May
88,"('Why India not Support Israel in U.N.O| Israeli‚ÄìPalestinian Conflict | Gaza Strip | Jerusalem | O.I.C',)",2021-05-18 06:11:12+00:00,6243887,386858,38691.0,May
89,"('How Remdesivir Work | Cytokine Storm | HRCT | CT Score | CO-RADS | Dexamethasone | Inflammation',)",2021-05-16 05:58:27+00:00,4556471,267904,15332.0,May
90,"('Israeli‚ÄìPalestinian Conflict | HAMAS | Gaza Strip | West Bank | Al-Aqsa mosque | Jerusalem | O.I.C',)",2021-05-13 16:36:57+00:00,32564652,1093757,83196.0,May
91,"('Third Wave of Corona | 2-DG Drug of DRDO | Corona Vaccine | Corona Pick | Reply to Sonu Nigam Sir',)",2021-05-11 07:22:41+00:00,4201883,345318,25118.0,May
92,"('Which Vaccine is Best | Adar Poonawalla |',)",2021-05-03 18:49:15+00:00,4793337,294429,26525.0,May
93,"('What is Liquid Oxygen | LMO | OPD | ICU | ICU Ward | OT | Oxygen Therapy | Nebulizer | Ventilator |',)",2021-05-02 04:40:14+00:00,4891577,234245,9814.0,May
94,"('U.S Embargo on Vaccine | Corona Peak in India',)",2021-04-28 04:49:45+00:00,3005144,275606,21286.0,Apr
95,"('Oxygen Crisis in India | Virafin | Nasal Spray Covid-19 | Green Corridor | Covid-19 Medicine |',)",2021-04-26 08:38:49+00:00,6245372,421094,27820.0,Apr
96,"('France-Pakistan  Relation | Tehreek-e-Labbaik | Anti France Protest in Pakistan | France Ambassador',)",2021-04-24 09:51:14+00:00,5705699,367369,33144.0,Apr
97,"('What is RT-PCR Test | What is CT Value in RT-PCR | How Pulse-Oximeter Work | How Recover From Corona',)",2021-04-20 15:10:20+00:00,8078958,346641,16500.0,Apr
98,"('How Vaccine Work | Which Vaccine is Better | How to Recover From corona | Corona Update | Covid-19',)",2021-04-20 03:57:21+00:00,6592744,356459,20891.0,Apr
99,"('Corona Second Wave | Lockdown | Corona Vaccine | New Strain of Corona | Symptoms of Corona Covid-19',)",2021-04-18 15:21:17+00:00,5399222,352678,18928.0,Apr
100,"('US Report on India-Pakistan Relation | India-Pakistan War in 2024-25 Due to Terrorist Attack',)",2021-04-14 07:44:52+00:00,3541768,261669,20254.0,Apr
101,"('Naxalite Problem and Solution | What is Naxals | Salwa Judum | Maoist Group | Insurgency in India',)",2021-04-11 05:26:27+00:00,14489717,442905,19776.0,Apr
102,"(""Bermuda Triangle Mystery | Dragon Triangle | Amarda Airstrip | Sargasso Sea | Area 51 | Devil's Sea"",)",2021-03-23 06:23:50+00:00,29956866,917728,24661.0,Mar
103,"('INS Dhruv | VC-11184 | Ballistic Missile Tracking Ship | Japan Refuse to Launch Myanmar Satellite',)",2021-03-19 02:09:06+00:00,4888138,278586,7634.0,Mar
104,"('BrahMos Missile | India Export BrahMos Missile to Philippines |',)",2021-03-14 15:53:09+00:00,5889510,261351,12493.0,Mar
105,"('Myanmar Dispute | Iran Israel Dispute | Mosad | revolutionary guard',)",2021-03-09 17:17:54+00:00,1659015,110858,4688.0,Mar
106,"(""Woman's Day | Woman's Day Quotation |"",)",2021-03-08 17:00:54+00:00,2697339,230940,14259.0,Mar
107,"('PSLV and GSLV | ISRO | Geeta and Modi Picture in Space | Satellite Launching |',)",2021-03-04 07:25:30+00:00,6462523,262164,9015.0,Mar
108,"('Assassination of Jamal Khashoggi | king Mohammed Bin Salman | MBS | US Sanctions on Saudi Arabia',)",2021-02-28 17:49:53+00:00,5092741,229382,10049.0,Feb
109,"('Extradition Treaty | Nirav Modi Case | Vijay Mallya Case | Why All Fraudiers Go To London',)",2021-02-27 17:05:23+00:00,9497428,380592,19055.0,Feb
110,"('Ceasefire India Pakistan LoC | Myanmar Crisis | FATF | India Srilanka Relation  | Modi_Rojgar_Do |',)",2021-02-26 16:50:22+00:00,2150779,137281,5388.0,Feb
111,"('#Modi_Rojgar_Do | SSC Protest |',)",2021-02-22 18:04:20+00:00,3744301,443583,30270.0,Feb
112,"('What is FASTag | How FASTag Work | Colors of FASTag | Pros and Cons of FASTag | What is RFID Device',)",2021-02-20 08:01:20+00:00,9152753,262711,8494.0,Feb
113,"('Shabnam First Women to Hanged in India | Article 72 and 161 | Pardon Power of President and governor',)",2021-02-18 16:23:51+00:00,6115017,350842,16425.0,Feb
114,"('New Arjun Tank | Arjun MK-1A | Arjun MBT | Positive And Negative Points of Arjun Tank',)",2021-02-16 16:55:37+00:00,3209375,153170,4936.0,Feb
115,"('China Back From galwan | India China Border Faceoff | Galwan Disengagement | Vaccine Diplomacy',)",2021-02-12 16:13:55+00:00,3545722,201793,17071.0,Feb
116,"('Uttarakhand Tragedy 2021 | Chamoli Glacier | Ravi Chopra committee | nuclear Device in Nanda Devi',)",2021-02-11 16:24:32+00:00,3546412,177435,6398.0,Feb
117,"('Siwani and Ankit My Youngest Student | Khan Sir Patna',)",2021-02-08 17:28:15+00:00,11771138,671081,40929.0,Feb
118,"('Myanmar Dispute |',)",2021-02-06 16:54:35+00:00,4670267,218083,9205.0,Feb
119,"('Surgical Strike of Iran on Pakistan |  Surgical Strike on Pakistan',)",2021-02-05 16:56:47+00:00,5578658,331113,14917.0,Feb
120,"('Budget 2021 | Positive And Negative Point of Budget 2021 | Pros And Cons of Budget 2021',)",2021-02-04 15:32:02+00:00,5423851,289941,13551.0,Feb
121,"('Mossad | Israeli Commando Operation | Operation Thunderbolt | Mossad Secret Mission | Delhi Blast',)",2021-02-02 06:04:02+00:00,18009670,652803,29364.0,Feb
122,"('Israel Embassy Blast | IED Blast in Delhi | Blast on Delhi | JAISH -UL -HIND | Minor Blast in Delhi',)",2021-02-01 05:01:21+00:00,4923668,302702,15957.0,Feb
123,"('China Taiwan Dispute | China Declare War Against Taiwan',)",2021-01-31 13:28:47+00:00,3599718,233336,31118.0,Jan
124,"('Biden Suspended Defense Deals With UAE and Saudi Arab | India built Srilanka Colombo port | H1b Visa',)",2021-01-29 08:09:37+00:00,4975698,215766,9016.0,Jan
125,"('Nakula Pass | Republic Day 2021 | India China Dispute in Nakula Sikkim',)",2021-01-25 18:26:48+00:00,6212500,355642,16672.0,Jan
126,"('US  President | Sindh Country |',)",2021-01-22 16:09:20+00:00,3794921,213670,8785.0,Jan
127,"('Tejas fighter | Tejas MK1 and MK2 | HAL Tejas | Why MIG 21 Crash | JF 17 fighter | Tejas vs JF17 |',)",2021-01-16 17:47:57+00:00,7190376,231924,9235.0,Jan
128,"('DFC Rail Project | WDFC and EDFC | DFCCIL | New Track Laying Machine |',)",2021-01-14 17:44:39+00:00,8245307,257894,9684.0,Jan
129,"(""What's App New Privacy Policy | What's App VS Signal App | What's App VS Telegram"",)",2021-01-11 17:51:16+00:00,7994028,387617,18625.0,Jan
130,"('Tesla Car | Lithium ion battery | Lithium triangle country | Electric Vehicle | KABIL Company | Car',)",2021-01-10 17:35:51+00:00,11424420,332780,8715.0,Jan
131,"('Central Asia Countries Want to Use Chabahar Port | France India Meeting Trump Account suspended',)",2021-01-09 17:21:24+00:00,2424031,136143,5731.0,Jan
132,"('ISRO Scientist Claim Poison Attack in 2017 | Arsenic Poisoning | Indian Scientist Dying |',)",2021-01-07 16:09:27+00:00,4528131,347456,20766.0,Jan
133,"('jack ma Destroyed by Xi Jingping | Boris Johnson Cancel India republic day visit',)",2021-01-07 03:24:56+00:00,2974869,176293,6842.0,Jan
134,"('India China Standoff | China Export Armed Drone to Pakistan',)",2021-01-04 04:44:42+00:00,4114150,161317,9351.0,Jan
135,"('What is Dry run of Vaccine | Corona Vaccine Update | Covid shield | Covaxin | AstraZeneca | Moderna',)",2021-01-03 16:10:59+00:00,1888030,115447,4581.0,Jan
136,"('What is ROM and RAM and CACHE Memory | HDD and SSD | Graphic Card | Primary and Secondary Memory',)",2020-12-29 12:26:17+00:00,11706066,372347,12171.0,Dec
137,"('CPU | Processor | Core of Processor | Motherboard | Software and Hardware | Input and Output | 7nm',)",2020-12-23 11:19:18+00:00,9004948,324745,12170.0,Dec
138,"('YouTube Give me 8th Rank in India | PLI Scheme | 5G in India | Samsung Display Factory in India',)",2020-12-16 07:32:35+00:00,6635421,388498,23581.0,Dec
139,"('Mig29K | INS Vishal | 3rd Aircraft Carrier | Boris Johnson as chief guest for the Republic Day',)",2020-12-05 11:57:13+00:00,3129527,133439,5016.0,Dec
140,"('Swan Drone | Predator Drone | Sea Guardian | Synthetic Aperture Radar | ISRO Satellite collision',)",2020-12-04 12:11:11+00:00,2374930,123264,4857.0,Dec
141,"('‡§ï‡§®‡§æ‡§°‡§æ ‡§ï‡•á PM ‡§ï‡•á ‡§¨‡§Ø‡§æ‡§® ‡§™‡§∞ ‡§≠‡§æ‡§∞‡§§ ‡§®‡•á ‡§≤‡§ó‡§æ‡§à ‡§´‡§ü‡§ï‡§æ‡§∞ | Mohsen Fakhrizadeh | Iran Scientist Killed by MOSAD |',)",2020-12-02 17:19:38+00:00,2001619,111587,4194.0,Dec
142,"('Boko Haram killed Farmers in Nigeria | Farmers Protest in Delhi | OIC Oppose Revoked of Article 370',)",2020-12-01 17:51:38+00:00,2378563,144045,8511.0,Dec
143,"('Coastal Surveillance Radar | China Blame India for Corona | Galwan Valley Update |',)",2020-11-30 13:34:48+00:00,1767386,118291,11752.0,Nov
144,"('AIP System of Submarine | France boycott to Pakistan | ISRO launch Satellite for Bhutan',)",2020-11-22 04:13:53+00:00,3834349,187314,11463.0,Nov
145,"('Direct Energy Weapon | Nine Dash Line | China Attack on Indian Soldier by Microwave Weapon',)",2020-11-18 16:22:52+00:00,1919766,100662,4013.0,Nov
146,"('RCEP | Why India quit RCEP | What is RCEP | Regional Comprehensive Economic Partnership',)",2020-11-17 17:02:05+00:00,4410358,165389,8865.0,Nov
147,"('‡§ï‡•ç‡§Ø‡§æ ‡§π‡•à Hyperloop | Virgin Hyperloop | Hyperloop Technology | Mumbai Pune Hyperloop',)",2020-11-16 16:44:06+00:00,9255971,287472,8643.0,Nov
148,"('‡§ï‡•Å‡§Æ‡•ç‡§π‡§æ‡§∞ ‡§≤‡§æ‡§ö‡§æ‡§∞ ‡§™‡§°‡§º‡§æ | Boycott Chinese Lights in Diwali | Happy Diwali By Khan Sir',)",2020-11-12 17:25:33+00:00,2603188,205413,19173.0,Nov
149,"('KAFALA Rule of Saudi Arab | Coastal surveillance Radar |  India Give Radar to Philippians',)",2020-11-11 18:15:07+00:00,3800015,142927,3902.0,Nov
150,"('‡§ö‡§Ç‡§¶‡•ç‡§∞ ‡§ó‡•ç‡§∞‡§π‡§£ | ‡§∏‡•Ç‡§∞‡•ç‡§Ø ‡§ó‡•ç‡§∞‡§π‡§£ | Eclipse | Solar Eclipse | Lunar Eclipse | Transit | ‡§∞‡§æ‡§π‡•Å ‡§î‡§∞ ‡§ï‡•á‡§§‡•Å',)",2020-11-10 17:18:31+00:00,6818838,148260,5029.0,Nov
151,"('POTUS | US Election 2020 | Impact of Joe Biden on India US Relation | US me Election Kaise Hota Hai',)",2020-11-09 17:41:27+00:00,3145784,127480,4470.0,Nov
152,"('End of Dinosaurs Meteors | Meteorites | Asteroid | Miner Planet | Solar System',)",2020-11-07 15:07:22+00:00,16881889,552141,18774.0,Nov
153,"('QUAD Group | Malabar Naval Exercise 2020 | Australia Included in Malabar Naval Exercise',)",2020-11-05 16:57:31+00:00,2655623,123394,4621.0,Nov
154,"('Front & Rear Wheel Drive | All Wheel Drive | ABS Brake | EBD | Air Bags in Car | Hatchback And Sedan',)",2020-11-04 17:42:41+00:00,4325337,150605,4918.0,Nov
155,"('Pakistan Handover Two Islands to China |  PIDA | Bundal And Bhuddo Islands',)",2020-11-04 03:58:16+00:00,3202596,148128,10586.0,Nov
156,"('Galwan Valley Update | Secure Application for Internet | SAI | Pak Minister Statement on india',)",2020-10-30 16:40:33+00:00,2766518,141935,5929.0,Oct
157,"('Boycott of French Goods | Boycott of France | Charlie Hebdo | Teacher Beheaded in France',)",2020-10-29 17:01:59+00:00,4010435,223475,23609.0,Oct
158,"('USA Election | Trump VS Biden | Trump - Biden Debate | US Election Update',)",2020-10-27 17:31:06+00:00,1390331,79795,4584.0,Oct
159,"('Hawala Bazar | FATF | Black Money | Tax Heaven Country | Money Laundering | Gray List | Black List',)",2020-10-26 16:34:11+00:00,11970603,348198,10852.0,Oct
160,"('What is COMCASA | BECA | LEMOA | 2+2 Dialogue | ISA | GSOMIA Agreement |',)",2020-10-25 11:47:07+00:00,3349268,153768,6946.0,Oct
161,"('String of Pearls Policy of China | Iron Curtain | Ream Naval Base',)",2020-10-24 15:25:12+00:00,5013704,177109,6584.0,Oct
162,"('India China Dispute | Bangladesh Cancel China Fund in Sonadia Port | India Myanmar submarine Deal',)",2020-10-22 04:05:09+00:00,9874528,361343,10395.0,Oct
163,"('How Wind Turbine Work | Wind Energy to Electric Energy | Parts of Wind Turbine | Khan Sir Patna',)",2020-10-20 17:24:46+00:00,4580071,186456,5979.0,Oct
164,"('TRP Dispute | BARC | HANSA Research | TRP Dispute of Republic TV',)",2020-10-12 06:49:22+00:00,6702167,329199,18999.0,Oct
165,"('Armenia Azerbaijan Dispute | Why Turkey and Israel Support Azerbaijan | Armenia Azerbaijan War',)",2020-10-10 03:49:57+00:00,4405685,139594,9098.0,Oct
166,"('Hathras Rape Case New Update | Manisha Valmiki |',)",2020-10-04 14:01:41+00:00,10119416,727594,71727.0,Oct
167,"('Turkey Attack on Armenia | Armenia Genoside | Armenia Azerbaijan Conflict',)",2020-10-01 14:37:37+00:00,4238576,183333,16561.0,Oct
168,"('Azerbaijan Armenia Dispute  | Nagora Karabakh Clash | USSR | Caucasus Country |',)",2020-09-29 02:58:12+00:00,2983443,107543,6901.0,Sep
169,"('PM Modi Speech in UNO | Security Council of UN | Veto Power of UN | G4 Country | TBN in UNO | UNO',)",2020-09-27 17:42:47+00:00,12872138,403884,19948.0,Sep
170,"('Chinese Cyber Attack on ISRO | What is Hashing & Salting of Password | Encryption and Cryptography',)",2020-09-27 10:11:50+00:00,8411226,269951,8592.0,Sep
171,"('Meniscus | Capillary Fall and Rise | Angle of Contact | Cohesive & Adhesive  Force | Fluid Mechanism',)",2020-09-21 13:52:59+00:00,1445656,59482,3401.0,Sep
172,"('Agriculture Reform Bill 2020 | MSP | APMC | Aadti | Kisan Andolan | One India One Agri Market',)",2020-09-20 11:53:40+00:00,24070080,804446,64995.0,Sep
173,"('Surface Tension | Examples of Surface Tension | Fluid Mechanics | Physics by Khan Sir',)",2020-09-18 14:09:54+00:00,4817662,198386,8933.0,Sep
174,"('1962 India China War |',)",2020-09-17 15:08:32+00:00,9824005,368658,16914.0,Sep
175,"('‡§¨‡§∞‡§®‡•å‡§≤‡•Ä ‡§ï‡§æ ‡§∏‡§ø‡§¶‡•ç‡§ß‡§æ‡§Ç‡§§ ‡§ï‡•ç‡§Ø‡§æ ‡§π‡•à | Railway NTPC Special',)",2020-09-17 13:27:01+00:00,3617463,140884,5877.0,Sep
176,"('India-China Border Issue | India China Face Off | NSA Meeting of SCO',)",2020-09-16 17:58:54+00:00,2110336,94428,3657.0,Sep
177,"('Four Stroke Engine | Petrol vs Diesel Engine | Turbocharger | Cylinder And Piston | CC of Engine',)",2020-09-15 16:05:35+00:00,16303336,407311,15355.0,Sep
178,"('Judicial Custody and Police Custody | Arrested vs Custody | Encounter',)",2020-09-14 13:47:44+00:00,1614615,72814,3144.0,Sep
179,"('Right of Freedom | Part 3 of Constitution | Article 19 to 21',)",2020-09-13 14:21:44+00:00,9254222,279756,9246.0,Sep
180,"('‡§Æ‡•Ç‡§≤ ‡§Ö‡§ß‡§ø‡§ï‡§æ‡§∞ | Fundamental Rights | Article 12 to 18 | Constitution of India Part 3 | Types of Rights',)",2020-09-12 12:44:02+00:00,9247352,311629,9124.0,Sep
181,"('All About App | Courses & Fee | Khan Sir Official',)",2020-09-11 15:37:03+00:00,3739992,140317,7754.0,Sep
182,"('Jet Engine | How Jet Engine Work | APU of Plane | RAT of Plane | Turbo Jet | Ramjet | Scramjet',)",2020-09-11 06:16:40+00:00,7516406,246849,8715.0,Sep
183,"('China India Conflict Update | Malacca Strait | Firing on India China border | SFF | Vikas battalions',)",2020-09-10 16:18:26+00:00,5819993,213204,8416.0,Sep
184,"('NRI ‡§ï‡§æ ‡§Æ‡§§‡§≤‡§¨ ‡§ï‡•ç‡§Ø‡§æ ‡§π‡•ã‡§§‡§æ ‡§π‡•à ? | NRI | PIO | OCI | Fema Act | NRO | FCNR | NRE Accounts',)",2020-09-08 14:36:18+00:00,4961205,137097,6169.0,Sep
185,"('‡§≠‡§æ‡§∞‡§§‡•Ä‡§Ø-‡§®‡§æ‡§ó‡§∞‡§ø‡§ï‡§§‡§æ | Citizenship of India | Article 5 to11 | Constitution Part 2 | Citizenship Act 1955',)",2020-09-07 16:23:18+00:00,6958346,241036,7220.0,Sep
186,"('‡§™‡•É‡§•‡•ç‡§µ‡•Ä ‡§ï‡•Ä ‡§Ü‡§ï‡•É‡§§‡§ø ‡§ï‡•à‡§∏‡•Ä ‡§π‡•à ? | Shape of Earth | Angaraland and Gondwanaland | Geoid Shape of Earth',)",2020-09-06 12:55:40+00:00,8442672,297914,9902.0,Sep
187,"('‡§∞‡§æ‡§ú‡•ç‡§Ø ‡§™‡•Å‡§®‡§∞‡•ç‡§ó‡§†‡§® ‡§Ü‡§Ø‡•ã‡§ó | Article 1 to 4 | Part 1 of Constitution | State Reorganization Commission',)",2020-09-05 15:22:37+00:00,19533336,548920,18127.0,Sep
188,"('Teacher`s  Day | Khan Sir Motivational Speech',)",2020-09-05 15:07:56+00:00,2592626,152435,12129.0,Sep
189,"('India-China Standoff Update | Black Top Hill | Speak for SSC Railway',)",2020-09-03 09:23:55+00:00,2689271,184164,15787.0,Sep
190,"('Policy of SSC, Railway | Speak up for SSC Railway students | Khan Sir',)",2020-08-31 14:02:51+00:00,1637200,217582,28924.0,Aug
191,"('Kaladan Multi Modal Transit Project | Siliguri Corridor | Chichen Neck | Area of Chichen Neck',)",2020-08-30 07:59:21+00:00,6306688,204765,16257.0,Aug
192,"('Phalcon Awacs | Eye on the Sky | IL76 | Netra Awacs | AWACS',)",2020-08-29 16:33:54+00:00,1606351,67784,3691.0,Aug
193,"('RBI MONETARY POLICY | CRR | SLR | PLR | NDTL | REPO RATE | Reverse Repo Rate | Bank Rate | MSF',)",2020-08-29 04:36:35+00:00,15191433,451470,17853.0,Aug
194,"('India China Tension | Pinaka | Igla Missile',)",2020-08-27 14:38:09+00:00,2574507,107796,4883.0,Aug
195,"('How Solar Panel Work | Monocrystalline & Polycrystalline | One Sun One Grid | Layers of Solar Panel',)",2020-08-26 15:48:45+00:00,8115905,203557,5631.0,Aug
196,"('What is 2G, 3G, 4G, 5G, LTE, VoLTE | How Does Mobile Phone Work | Parts Of Mobile Tower | MIST Cable',)",2020-08-25 15:38:40+00:00,8738520,287335,9040.0,Aug
197,"('‡§∏‡•Å‡§®‡§æ‡§Æ‡•Ä ‡§ï‡•ç‡§Ø‡•ã‡§Ç ‡§Ü‡§§‡§æ ‡§π‡•à | What is a Tsunami | Tsunami',)",2020-08-24 15:47:04+00:00,1355390,52063,1571.0,Aug
198,"('‡§≠‡•Ç‡§ï‡§Ç‡§™ ‡§ï‡•ç‡§Ø‡§æ ‡§π‡•ã‡§§‡§æ ‡§π‡•à | Earthquake | cause of Earthquake  | Ring Of Fire | Seismic Zone | Seismic Wave',)",2020-08-24 13:29:31+00:00,7567279,202027,6449.0,Aug
199,"('‡§ù‡•Ç‡§†‡•Ä FIR ‡§∏‡•á ‡§¨‡§ö‡§®‡•á ‡§ï‡•á ‡§≤‡§ø‡§è ‡§ï‡•ç‡§Ø‡§æ-‡§ï‡•ç‡§Ø‡§æ ‡§ï‡§æ‡§®‡•Ç‡§® ‡§π‡•à‡§Ç? | Laws to deal with False FIR | 482 CrPC |',)",2020-08-22 15:27:30+00:00,7733415,294635,6665.0,Aug
200,"('UAE-ISRAEL Treaty | Hamas | 6 Day War | Yom Kippur War | suez canal War | Palestians-Israel Conflict',)",2020-08-21 16:00:03+00:00,3020901,121777,9561.0,Aug
201,"('What is CET | NRA | National Recruitment Agency | Common Eligibility Test',)",2020-08-20 16:11:34+00:00,2293886,122169,8357.0,Aug
202,"('Ganga River | Origin Of Ganga | Panch Prayag | Ganga River Basin Ganga River System  | Gomukh',)",2020-08-20 10:30:55+00:00,23661924,741692,16930.0,Aug
203,"('Air traffic control | ATC | Secondary Radar | What Is Radar & Transponder | Squawk Code | VFR',)",2020-08-19 05:53:20+00:00,12715058,235960,5605.0,Aug
204,"('‡§ú‡•á‡§≤ ‡§ï‡•à‡§∏‡§æ ‡§π‡•ã‡§§‡§æ ‡§π‡•à | ‡§ú‡•á‡§≤ ‡§ï‡•á ‡§Ö‡§Ç‡§¶‡§∞ ‡§ï‡•Ä ‡§ú‡§ø‡§Ç‡§¶‡§ó‡•Ä ‡§ï‡•à‡§∏‡•Ä ‡§π‡•ã‡§§‡•Ä ‡§π‡•à | Prison | Prison system in India',)",2020-08-18 13:45:01+00:00,58126690,933132,22084.0,Aug
205,"('‡§ï‡•ç‡§Ø‡§æ ‡§π‡•ã‡§§‡•Ä ‡§π‡•à, ‡§ï‡•à‡§∏‡•á ‡§¶‡§∞‡•ç‡§ú ‡§ï‡§∞‡§æ‡§è‡§Ç ‡§ú‡•Ä‡§∞‡•ã ‡§è‡§´‡§Ü‡§à‡§Ü‡§∞ | What is ZERO F.I.R | F.I.R',)",2020-08-17 13:28:34+00:00,2011922,92303,2979.0,Aug
206,"('IPC | CrPC | CPC | Articles Of Constitution | Section | Civil Law | Muslim Personal Law',)",2020-08-17 13:12:47+00:00,7475852,247520,6463.0,Aug
207,"('‡§¶‡§∞‡•ã‡§ó‡§æ ‡§ï‡•Ä ‡§§‡•à‡§Ø‡§æ‡§∞‡•Ä ‡§ï‡•à‡§∏‡•á ‡§ï‡§∞‡•á‡§Ç? How Clear Bihar Daroga 2020 | Physical of Daroga | Height in Bihar Daroga',)",2020-08-16 15:08:42+00:00,2880244,112354,5622.0,Aug
208,"('ILS System | Localizer | Gildeslope | PFD | How Aircraft Land | Instrument Landing System',)",2020-08-16 14:52:38+00:00,2073523,61044,1994.0,Aug
209,"('Flap 3 And Flap 4 Landing | Spoiler | Slate | Airplane Stabilizer | Elevator | Rudder | Ailerons',)",2020-08-15 15:56:28+00:00,2322516,68454,1986.0,Aug
210,"('1967 ‡§ú‡§¨ ‡§Ü‡§§‡•ç‡§Æ‡§∏‡§Æ‡•ç‡§Æ‡§æ‡§® ‡§ï‡•Ä ‡§≤‡§°‡§º‡§æ‡§à ‡§Æ‡•á‡§Ç ‡§≠‡§æ‡§∞‡§§ ‡§®‡•á ‡§ö‡•Ä‡§® ‡§ï‡•ã ‡§π‡§∞‡§æ‡§Ø‡§æ | Embassy Dispute India VS China | by Khan Sir',)",2020-08-15 12:29:23+00:00,2887953,184360,13939.0,Aug
211,"('Information Of App | Online Class | Bihar Daroga 2020',)",2020-08-14 15:54:33+00:00,868848,73189,5532.0,Aug
212,"('Optical Fiber | Under Sea Optical Cable | AGR | How Optical Fiber Work | Total Internal Reflection',)",2020-08-12 16:26:27+00:00,5776884,200182,5264.0,Aug
213,"('Romeo Helicopter | MH-60 Seahawk: 26 Romeo Helicopter ‡§π‡•á‡§≤‡•Ä‡§ï‡•â‡§™‡•ç‡§ü‡§∞ Navy ‡§Æ‡•á‡§Ç ‡§∂‡§æ‡§Æ‡§ø‡§≤',)",2020-08-09 14:05:30+00:00,2779994,101958,4098.0,Aug
214,"('‡§ó‡•ç‡§∞‡•á‡§®‡•á‡§° ‡§ï‡§æ‡§Æ ‡§ï‡•à‡§∏‡•á ‡§ï‡§∞‡§§‡§æ ‡§π‡•à? | Time-Delay Grenade & Impact Grenades | Types Of Grenades | Grenade',)",2020-08-08 14:10:28+00:00,6537504,289887,16153.0,Aug
215,"('‡§¨‡•á‡§∞‡•Ç‡§§ ‡§¨‡•ç‡§≤‡§æ‡§∏‡•ç‡§ü  2 ‡§ï‡§ø‡§Æ‡•Ä ‡§§‡§ï ‡§∏‡§¨ ‡§ñ‡§§‡•ç‡§Æ | Beirut Explosion | Beirut Blast',)",2020-08-06 15:13:53+00:00,3177527,133521,5506.0,Aug
216,"('‡§Æ‡§æ‡§®‡§µ ‡§∂‡§∞‡•Ä‡§∞ ‡§ï‡•Ä ‡§∏‡§Ç‡§ß‡§ø | Joints In Human skeleton | Joints Of Body | Joints Of Bone | Types Of Joints',)",2020-08-06 08:59:49+00:00,4167190,109227,3183.0,Aug
217,"('Shanghai Cooperation Organisation | SCO | BRICS | RIC | BRI | OBOR | NATO | Quard Group',)",2020-08-04 13:14:39+00:00,1852245,66230,2881.0,Aug
218,"('Raksha Bandhan Festival | Rakhi | Raksha Bandhan in Khan GS',)",2020-08-03 15:26:23+00:00,4543058,256852,16741.0,Aug
219,"('New Education Policy 2020 | End of 10+2 System | New System 5+3+3+4 | NEP 2020 | Nai Siksha Niti',)",2020-08-02 11:31:23+00:00,14051834,479594,35249.0,Aug
220,"('Human Skeleton | Bones | Cartilage | Skeleton System',)",2020-07-31 04:56:08+00:00,17935715,556901,17738.0,Jul
221,"('Kargil War | Operation Vijay | Fact Of Kargil Docomentary | Operation Safed Sagar | Operation Talwar',)",2020-07-29 08:20:04+00:00,22320777,790326,35930.0,Jul
222,"('Helina Anti Tank Guided Missile | Nag Missile | Dhruvastra Anti-Tank Missile | Anti Tank Missile',)",2020-07-23 15:20:25+00:00,2597267,99865,3370.0,Jul
223,"('China India Dispute | Galwan I India, US Hold Joint Maritime Drill Amid China Tensions',)",2020-07-22 17:57:35+00:00,5595214,208850,9284.0,Jul
224,"('Flood In Assam & Bihar | Koshi River Flood | Brahmaputra River Flood | How To Control Flood | Flood',)",2020-07-21 14:21:40+00:00,5092055,138622,10089.0,Jul
225,"('What is G.S.T  | G.S.T ‡§ï‡•ç‡§Ø‡§æ ‡§π‡•à  | Types of GST | GST Return | GSTIN | Khan GS Research Centre',)",2020-07-19 09:40:02+00:00,13551336,397694,15527.0,Jul
226,"('‡§ö‡§æ‡§¨‡§π‡§æ‡§∞ ‡§™‡•ã‡§∞‡•ç‡§ü ‡§µ‡§ø‡§µ‡§æ‡§¶ | Iran Drops India From Chabahar Port Rail project',)",2020-07-15 16:31:50+00:00,2804150,95698,7074.0,Jul
227,"('‡§ö‡•Ä‡§® ‡§Æ‡•ç‡§Ø‡§æ‡§Ç‡§Æ‡§æ‡§∞ ‡§ï‡•á ‡§ï‡§º‡§∞‡•Ä‡§¨ ‡§Ü‡§Ø‡§æ? | ‡§≠‡§æ‡§∞‡§§ ‡§ï‡•á ‡§≤‡§ø‡§è ‡§ñ‡§§‡§∞‡§æ | Myanmar Relations India and China',)",2020-07-14 12:10:53+00:00,1602051,67390,4418.0,Jul
228,"('‡§ï‡•Å‡§µ‡•à‡§§ ‡§Æ‡•á‡§Ç 8 ‡§≤‡§æ‡§ñ ‡§≠‡§æ‡§∞‡§§‡•Ä‡§Ø‡•ã‡§Ç ‡§™‡§∞ ‡§∏‡§Ç‡§ï‡§ü | Kuwait Ex-Pat Quota Bill | KUWAIT CRISIS',)",2020-07-14 11:31:56+00:00,8660534,195252,9283.0,Jul
229,"('Nominal GDP | Real GDP | GDP on Factor Cost | GDP on Market Price | GDP on PPP | Base Year of GDP',)",2020-07-13 16:24:03+00:00,1639996,60186,1949.0,Jul
230,"('‡§ï‡•ç‡§Ø‡§æ ‡§π‡•ã‡§§‡•Ä ‡§π‡•à GDP ‡§î‡§∞ ‡§á‡§∏‡§ï‡•á ‡§ó‡§ø‡§∞‡§®‡•á ‡§ï‡§æ ‡§Ü‡§™ ‡§™‡§∞ ‡§ï‡•ç‡§Ø‡§æ ‡§π‡•ã‡§§‡§æ ‡§π‡•à ‡§Ö‡§∏‡§∞ ?  | GDP | GNP | NNP | NDP | PPP',)",2020-07-13 08:36:38+00:00,10441306,366504,11536.0,Jul
231,"('‡§ö‡•Ä‡§® ‡§ï‡•ç‡§Ø‡•ã‡§Ç ‡§™‡•Ä‡§õ‡•á ‡§π‡§ü ‡§ó‡§Ø‡§æ | Know What Happening on China Border',)",2020-07-11 15:08:58+00:00,1275566,64136,2894.0,Jul
232,"('‡§Ü‡§ñ‡§ø‡§∞ ‡§≠‡§æ‡§∞‡§§‡•Ä‡§Ø ‡§Ö‡§¶‡§æ‡§≤‡§§ ‡§á‡§§‡§®‡•Ä ‡§¶‡•á‡§∞ ‡§∏‡•á ‡§´‡•à‡§∏‡§≤‡§æ ‡§ï‡•ç‡§Ø‡•ã‡§Ç ‡§ï‡§∞‡§§‡•Ä ‡§π‡•à ? | Indian Court Late Process',)",2020-07-11 14:51:48+00:00,3156788,179926,9608.0,Jul
233,"('How long does it take to get a vaccine ready? | Corona Vaccine Update',)",2020-07-10 15:52:46+00:00,1174493,57676,2932.0,Jul
234,"('India-China Border Issue | India China Face Off | ‡§≤‡§¶‡•ç‡§¶‡§æ‡§ñ ‡§Æ‡•á‡§Ç ‡§™‡•Ä‡§õ‡•á ‡§π‡§ü ‡§∞‡§π‡§æ ‡§ö‡•Ä‡§® | LAC',)",2020-07-08 13:38:48+00:00,5448241,242277,14584.0,Jul
235,"('‡§ú‡§æ‡§®‡§ø‡§è ‡§Ü‡§ñ‡§ø‡§∞ Iran ‡§™‡§∞ ‡§π‡§Æ‡§≤‡§æ ‡§ï‡§ø‡§∏‡§®‡•á ‡§ï‡§ø‡§Ø‡§æ | How India Safe His Parmadu Bunker',)",2020-07-08 12:43:15+00:00,2786176,103595,3695.0,Jul
236,"('Sectors Of Economy Primary, Secondary & Tertiary in Hindi',)",2020-07-06 05:49:37+00:00,3806587,146336,7442.0,Jul
237,"('Thanks For 1 million Youtube Family By Khan Sir',)",2020-07-05 08:12:23+00:00,5155708,492890,43096.0,Jul
238,"('‡§Ü‡§†‡§µ‡§æ‡§Ç ‡§Æ‡§π‡§æ‡§¶‡•ç‡§µ‡•Ä‡§™, ‡§ú‡•Ä‡§≤‡•à‡§Ç‡§°‡§ø‡§Ø‡§æ? | 8th Continent? It‚Äôs called Zealandia | Khan GS Research Centre',)",2020-07-03 16:16:20+00:00,7150955,230553,7208.0,Jul
239,"('PM Narendra Modi in Leh |  ‡§™‡•Ä‡§è‡§Æ ‡§Æ‡•ã‡§¶‡•Ä ‡§®‡•á ‡§ï‡•Ä ‡§ó‡§≤‡§µ‡§æ‡§Ç ‡§ò‡§æ‡§ü‡•Ä ‡§Æ‡•á‡§Ç ‡§ò‡§æ‡§Ø‡§≤ ‡§π‡•Å‡§è ‡§∏‡•à‡§®‡§ø‡§ï‡•ã‡§Ç ‡§∏‡•á ‡§Æ‡•Å‡§≤‡§æ‡§ï‡§æ‡§§',)",2020-07-03 15:02:10+00:00,879898,46635,2254.0,Jul
240,"('Browser | Search Engine | Server | http VS https | Operating System | System Software | Application',)",2020-07-02 07:53:52+00:00,8530817,300651,8317.0,Jul
241,"('Spice Bomb | China Bhutan Dispute | Update on Galwan Valley',)",2020-07-01 15:38:07+00:00,4962533,172219,8683.0,Jul
242,"('Thermal Power Plant | Boiler | Economizer | Turbine | Khan GS Research Centre',)",2020-07-01 06:30:38+00:00,42671140,691971,17899.0,Jul
243,"('‡§Ö‡§™‡§®‡•Ä ‡§π‡•Ä ‡§ö‡§æ‡§≤ ‡§Æ‡•á‡§Ç ‡§´‡§∏‡§æ ‡§ó‡§Ø‡§æ ‡§ö‡•Ä‡§® | China‚ÄìKiribati Relations & Impact on India',)",2020-06-29 14:43:13+00:00,3892159,145841,9950.0,Jun
244,"('Russia ‡§®‡•á ‡§®‡§ø‡§≠‡§æ‡§à ‡§¶‡•ã‡§∏‡•ç‡§§‡•Ä | Indian Army Preparation in Ladakh',)",2020-06-28 15:39:42+00:00,4645489,163198,10171.0,Jun
245,"('‡§´‡•á‡§ú, ‡§®‡•ç‡§Ø‡•Ç‡§ü‡•ç‡§∞‡§≤ ‡§î‡§∞ ‡§Ö‡§∞‡•ç‡§• ‡§Æ‡•á‡§Ç ‡§Ö‡§Ç‡§§‡§∞ Phase, Neutral And Earthing Wire | Khan GS Research Centre',)",2020-06-28 14:36:55+00:00,19133213,556043,20079.0,Jun
246,"('‡§ï‡•ç‡§Ø‡•ã‡§Ç ‡§ó‡§ø‡§∞‡§§‡•Ä ‡§π‡•à ‡§¨‡§ø‡§ú‡§≤‡•Ä | Thunderstorm | Lightning Strikes | What are the 3 stages of thunderstorms',)",2020-06-27 16:32:40+00:00,7553480,309129,8496.0,Jun
247,"('Transmission Line | Insulator | ACSR | Sub station | Corona Discharge High Tension Line | SAG | RCC',)",2020-06-27 11:06:27+00:00,11976226,317917,7957.0,Jun
248,"('‡§∞‡•á‡§∂‡§Æ ‡§Æ‡§æ‡§∞‡•ç‡§ó | Silk Route | One Belt One Road | OBOR | Debt Trap of China | BRI Project',)",2020-06-26 16:03:11+00:00,1941006,83654,3841.0,Jun
249,"('H-1B VISA ‡§ï‡•ç‡§Ø‡§æ ‡§π‡•à  |  High Commission Vs  Consulate vs Ambassador | comman wealth | Visa | CIS',)",2020-06-24 16:46:20+00:00,1437199,55400,2698.0,Jun
250,"('‡§ö‡•Ä‡§® ‡§®‡•á ‡§®‡•á‡§™‡§æ‡§≤ ‡§î‡§∞ ‡§ú‡§æ‡§™‡§æ‡§® ‡§≠‡•Ç‡§Æ‡§ø ‡§™‡§∞ ‡§ï‡§¨‡•ç‡§ú‡§æ ‡§ï‡§ø‡§Ø‡§æ | Senkaku Island | China Occupies Rui & Taiga Village Nepal',)",2020-06-24 14:30:33+00:00,1514687,62361,2682.0,Jun
251,"('About S-400 Missile System | Russia plans to deliver S-400 missile systems to India | Akash Missile',)",2020-06-23 15:49:21+00:00,4649319,184145,11666.0,Jun
252,"('Gandak Baraj | Nepal ‡§®‡•á ‡§∞‡•ã‡§ï‡•Ä ‡§ó‡§Ç‡§°‡§ï ‡§¨‡•à‡§∞‡§æ‡§ú ‡§ï‡•Ä ‡§Æ‡§∞‡§Æ‡•ç‡§Æ‡§§ , Bihar ‡§™‡§∞ ‡§Ü‡§Ø‡§æ ‡§¨‡§æ‡§¢‡§º ‡§ï‡§æ ‡§∏‡§Ç‡§ï‡§ü',)",2020-06-23 13:50:07+00:00,1646010,126360,15458.0,Jun
253,"('China Offer Bangladesh 97% Tax Discount | Chinese Cyber Hacker Raise in India | Corona medicine',)",2020-06-22 09:48:53+00:00,1901351,84877,5850.0,Jun
254,"('Train, ‡§™‡§ü‡§∞‡•Ä ‡§ï‡•à‡§∏‡•á ‡§¨‡§¶‡§≤‡§§‡•Ä ‡§π‡•à? | How Does the Train Track Change | Cabin | Khan GS Research Centre',)",2020-06-21 03:42:45+00:00,25813666,587311,12535.0,Jun
255,"('Air Force Order 33 New Aircraft | 12 SU-30 and 21 Mig 29',)",2020-06-20 07:35:01+00:00,14800434,316376,20350.0,Jun
256,"('Fire Power of India & China | Power Of Chinese Army | Compare Indian & Chinese Army | Military Power',)",2020-06-18 12:48:56+00:00,28197930,832560,63773.0,Jun
257,"('‡§ü‡•ç‡§∞‡•á‡§® ‡§™‡§∞ ‡§ï‡•ç‡§Ø‡•ã‡§Ç ‡§≤‡§ø‡§ñ‡§æ ‡§π‡•ã‡§§‡§æ ‡§π‡•à ‡§Ø‡•Ç‡§®‡§ø‡§ï ‡§ï‡•ã‡§°, ‡§ï‡•ç‡§Ø‡§æ ‡§π‡•ã‡§§‡•á ‡§π‡•à‡§Ç ‡§á‡§∏‡§ï‡•á ‡§Æ‡§æ‡§Ø‡§®‡•á | Know Everything About Railway Sign',)",2020-06-17 08:16:40+00:00,36982693,648978,14178.0,Jun
258,"(""India China Border Dispute | ‡§≠‡§æ‡§∞‡§§‡•Ä‡§Ø-‡§ö‡•Ä‡§®‡•Ä ‡§∏‡•á‡§®‡§æ ‡§ï‡•á ‡§¨‡•Ä‡§ö '‡§π‡§ø‡§Ç‡§∏‡§ï ‡§ù‡§°‡§º‡§™'"",)",2020-06-16 16:25:34+00:00,1643273,94653,6234.0,Jun
259,"(""‡§≠‡§æ‡§∞‡§§ ‡§ï‡•á ‡§ó‡•Å‡§™‡•ç‡§§ ‡§π‡§•‡§ø‡§Ø‡§æ‡§∞ '‡§ï‡§æ‡§≤‡•Ä' ‡§ú‡§ø‡§∏‡§∏‡•á ‡§™‡§æ‡§ï ‡§ö‡•Ä‡§® ‡§°‡§∞‡§§‡•á ‡§π‡•à | Kali - 1000 Missile in Hindi"",)",2020-06-15 15:09:00+00:00,11629528,297966,10223.0,Jun
260,"('Transformer | Electric Transformer | Types of Transformer  | Losses in Transformer in Hindi | Stepup',)",2020-06-15 07:51:04+00:00,11835393,332702,8092.0,Jun
261,"('‡§®‡•á‡§™‡§æ‡§≤ ‡§ú‡§æ‡§Ø‡•á‡§ó‡§æ, ‡§≠‡§æ‡§∞‡§§ ‡§ï‡•á ‡§µ‡§ø‡§∞‡•Å‡§¶‡•ç‡§ß ‡§Ö‡§Ç‡§§‡§∞‡•ç‡§∞‡§æ‡§∑‡•ç‡§ü‡•ç‡§∞‡•Ä‡§Ø ‡§®‡•ç‡§Ø‡§æ‡§Ø‡§æ‡§≤‡§Ø | Nepal Map Issue in UNO & International Court',)",2020-06-14 15:35:14+00:00,620149,24742,4427.0,Jun
262,"('‡§∏‡§ø‡§Ø‡§æ‡§ö‡§ø‡§® ‡§™‡§∞ ‡§ï‡§¨‡•ç‡§ú‡§æ | ‡§ë‡§™‡§∞‡•á‡§∂‡§® ‡§Æ‡•á‡§ò‡§¶‡•Ç‡§§ ‡§§‡§•‡§æ ‡§ë‡§™‡§∞‡•á‡§∂‡§® ‡§∞‡§æ‡§ú‡•Ä‡§µ | Siachen History | Khan GS Research Centre',)",2020-06-14 09:37:32+00:00,8860272,341936,11397.0,Jun
263,"('Firing By Nepal Police On Indian Border',)",2020-06-13 16:43:29+00:00,877681,35528,3612.0,Jun
264,"('‡§Ü‡§π‡§æ‡§∞ ‡§∂‡•ç‡§∞‡•É‡§Ç‡§ñ‡§≤‡§æ ‡§ï‡•ç‡§Ø‡§æ ‡§π‡•à ‡§§‡§•‡§æ ‡§™‡§ø‡§∞‡§æ‡§Æ‡§ø‡§° | Food Chains in Hindi',)",2020-06-12 13:20:09+00:00,2714133,88968,1605.0,Jun
265,"('Operation High Mark | Why China Back From Laddakh',)",2020-06-11 15:41:41+00:00,1010712,34495,1887.0,Jun
266,"('‡§Ö‡§∏‡§Æ ‡§ó‡•à‡§∏ ‡§ï‡§æ‡§Ç‡§° | Assam Gas Kand',)",2020-06-11 13:31:17+00:00,230579,11858,531.0,Jun
267,"('Plant Hormone | ‡§™‡•ç‡§≤‡§æ‡§Ç‡§ü ‡§π‡§æ‡§∞‡•ç‡§Æ‡•ã‡§® | ‡§™‡§æ‡§¶‡§™ ‡§π‡§æ‡§∞‡•ç‡§Æ‡•ã‡§® ‡§ï‡•ç‡§Ø‡§æ ‡§π‡•à‡§Ç? | Types of Plant Hormones in Hindi',)",2020-06-11 07:35:17+00:00,1384533,44502,682.0,Jun
268,"('Locomotive Engine | Types of Rail Engine | ‡§≤‡•ã‡§ï‡•ã‡§Æ‡•ã‡§ü‡§ø‡§µ ‡§á‡§Ç‡§ú‡§® | ‡§∞‡•á‡§≤-‡§á‡§Ç‡§ú‡§®',)",2020-06-10 16:17:49+00:00,7171859,174833,4774.0,Jun
269,"('‡§™‡•å‡§ß‡•ã‡§Ç ‡§ï‡•á ‡§¨‡•Ä‡§ú | ‡§Ö‡§Ç‡§ï‡•Å‡§∞‡§£ ‡§ï‡•Ä ‡§™‡•ç‡§∞‡§ï‡•ç‡§∞‡§ø‡§Ø‡§æ | Seeds of Plants | Seed Germination in Hindi',)",2020-06-09 15:18:24+00:00,796628,25045,452.0,Jun
270,"('Brake System in Train | Emergency Brake in Train | Air Brake in Train | ‡§ö‡•á‡§® ‡§™‡•Å‡§≤‡§ø‡§Ç‡§ó in Hindi',)",2020-06-09 14:38:16+00:00,7250151,215268,4726.0,Jun
271,"(""‡§≠‡§æ‡§∞‡§§-‡§ö‡•Ä‡§® ‡§µ‡§ø‡§µ‡§æ‡§¶, ‡§ï‡•ç‡§Ø‡§æ '‡§µ‡§æ‡§∞‡•ç‡§§‡§æ' ‡§∏‡•á ‡§¨‡§®‡•á‡§ó‡•Ä ‡§¨‡§æ‡§§? | India & China Meeting on Border Dispute in Hindi"",)",2020-06-08 14:23:48+00:00,429534,15821,701.0,Jun
272,"('‡§Æ‡§æ‡§≤‡§ó‡§æ‡§°‡§º‡•Ä ‡§Æ‡•á‡§Ç ‡§Ö‡§Ç‡§§‡§∞ | Goods Wagon | Types of Goods Wagon | Shunting in Hindi',)",2020-06-08 13:16:32+00:00,2341394,69481,1637.0,Jun
273,"('‡§§‡•á‡§≤ ‡§∞‡§ø‡§∏‡§æ‡§µ ‡§™‡§∞ ‡§≠‡§°‡§º‡§ï‡•á ‡§™‡•Å‡§§‡§ø‡§® | Russian Oil Spill | Russia Oil Leakage in Hindi',)",2020-06-07 13:04:59+00:00,1264947,40466,647.0,Jun
274,"('‡§®‡§∞‡•á‡§Ç‡§¶‡•ç‡§∞ ‡§Æ‡•ã‡§¶‡•Ä ‡§ï‡§æ ‡§µ‡§ø‡§∂‡•á‡§∑ ‡§µ‡§ø‡§Æ‡§æ‡§® | Narendra Modi Special Plane in Hindi',)",2020-06-07 11:58:16+00:00,4320306,119746,6137.0,Jun
275,"('‡§¶‡§ï‡•ç‡§∑‡§ø‡§£ ‡§ö‡•Ä‡§® ‡§∏‡§æ‡§ó‡§∞ ‡§µ‡§ø‡§µ‡§æ‡§¶ | Nine Dash Line | South China Sea Disputes in Hindi',)",2020-06-07 11:29:51+00:00,2348141,86968,3819.0,Jun
276,"('‡§∏‡•ç‡§ü‡•á‡§≤‡•ç‡§• ‡§§‡§ï‡§®‡•Ä‡§ï ‡§ï‡•ç‡§Ø‡§æ ‡§π‡•à‡•§ ‡§î‡§∞ ‡§ï‡•ç‡§Ø‡§æ ‡§á‡§∏‡•á ‡§ó‡§ø‡§∞‡§æ‡§Ø‡§æ ‡§ú‡§æ ‡§∏‡§ï‡§§‡§æ ‡§π‡•à ? Stealth Technology in Hindi',)",2020-06-06 11:07:20+00:00,3641718,103277,2696.0,Jun
277,"('Difference Between ICF & LHB Coach | Integral Coach Factory VS Linke Hofmann Busch in Hindi',)",2020-06-06 06:58:33+00:00,10020258,223733,4743.0,Jun
278,"('Axle counter of Track | Axle Counter | Junction Box | Circuit Box in Hindi',)",2020-06-06 05:42:17+00:00,14637435,435997,7765.0,Jun
279,"('‡§µ‡§ø‡§¶‡•ç‡§Ø‡•Å‡§§‡§ó‡•ç‡§∞‡§æ‡§π‡•Ä ‡§Ø‡§æ ‡§™‡•á‡§Ç‡§ü‡•ã‡§ó‡•ç‡§∞‡§æ‡§´ | Pantograph Train how it works  | Contact Wire | Catanery Wire in Hindi',)",2020-06-04 14:15:02+00:00,14156221,345940,7823.0,Jun
280,"('Donald Trump ‡§ï‡•á ‡§≤‡§ø‡§è ‡§ï‡§ø‡§§‡§®‡•Ä ‡§Æ‡•Å‡§∂‡•ç‡§ï‡§ø‡§≤ ‡§ñ‡§°‡§º‡•Ä ‡§ï‡§∞‡•á‡§Ç‡§ó‡•á USA Protest ‡§î‡§∞ Corona Virus ‡§ï‡§æ ‡§Ü‡§§‡§Ç‡§ï? in Hindi',)",2020-06-04 13:39:21+00:00,196065,11302,495.0,Jun
281,"('‡§´‡§≤ ‡§ï‡•ç‡§Ø‡§æ ‡§π‡•à | What is Fruit? | ‡§´‡§≤‡•ã‡§Ç ‡§ï‡•á ‡§™‡•ç‡§∞‡§ï‡§æ‡§∞ | Types of Fruits in Hindi',)",2020-06-04 07:13:03+00:00,2571514,62361,1111.0,Jun
282,"('Cyclone Nisarga Mumbai | Tropical Cyclone Nisarga',)",2020-06-03 14:01:01+00:00,284729,9477,216.0,Jun
283,"('G-4 | G-6 | G-7 | G-8 | G-10 | G-11 | G-20 | D- 10 | 4G | 5G | VOLTE | LTE',)",2020-06-03 13:42:36+00:00,4872472,167461,4642.0,Jun
284,"('POLLINATION AND FERTILISATION | Agents of Pollination | Cross pollination | Self Pollination',)",2020-06-02 15:38:48+00:00,3230521,95562,2833.0,Jun
285,"('‡§ö‡•Ä‡§® ‡§î‡§∞ ‡§§‡§æ‡§á‡§µ‡§æ‡§® ‡§ï‡•á ‡§¨‡•Ä‡§ö ‡§§‡§®‡§æ‡§µ ‡§ï‡•Ä ‡§µ‡§ú‡§π ‡§ï‡•ç‡§Ø‡§æ ‡§π‡•à? | The Taiwan Crisis | One China Policy in Hindi',)",2020-06-02 14:30:10+00:00,4578383,123900,9885.0,Jun
286,"('‡§´‡•Ç‡§≤ ‡§ï‡•á ‡§≠‡§æ‡§ó | Parts of Flower | Structure of a Flower | Function  of Flower | Botany',)",2020-06-01 14:48:08+00:00,2704997,80990,2055.0,Jun
287,"('‡§™‡§§‡•ç‡§§‡•Ä | Parts of a Leaf üçÉ | Step by Step Drawing | Know How Its Works by Khan Sir',)",2020-05-30 15:14:29+00:00,2122943,48940,960.0,May
288,"('China ‡§ï‡•ç‡§Ø‡§æ Hong Kong  ‡§ï‡§º‡§¨‡•ç‡§ú‡§º‡•á ‡§Æ‡•á‡§Ç ‡§≤‡•á ‡§™‡§æ‡§è‡§ó‡§æ | Opium War | Hong Kong History | Umbrella Movement',)",2020-05-30 13:36:29+00:00,4691430,145809,3267.0,May
289,"('Pakistani Plane Investigation | Know How Plane are Landing | ‡§ú‡§π‡§æ‡§ú ‡§ï‡•à‡§∏‡•á ‡§â‡§§‡§∞‡§§‡•Ä ‡§π‡•à |  in HIndi',)",2020-05-29 15:06:31+00:00,6298688,157653,4182.0,May
290,"('Locust Attack | Locust Attack In Northern India | Locust Swarm Across Five Indian States',)",2020-05-29 13:53:04+00:00,1223423,38175,1016.0,May
291,"('Tension over India-China border | India Border Dispute | Laddakh Dispute | By Khan Sir with 3-D Map',)",2020-05-28 15:21:22+00:00,7414406,208176,10897.0,May
292,"('1971 India Pakistan War | Bangladesh | The Indo-Pakistani Wars | How Bangladesh Become a Free Nation',)",2020-05-27 12:13:29+00:00,57020125,4090041,145219.0,May
293,"('Tour of Duty Concept Explained By khan sir | Tour Of Duty Effect on Other entries of Indian Army',)",2020-05-25 15:34:18+00:00,4603755,159081,7830.0,May
294,"('Structure and Functions of Stems|Parts of a Plant|',)",2020-05-25 10:37:40+00:00,940522,28377,621.0,May
295,"('All About India-China Conflict | Chinese Activity Near Ladakh Boundary India border dispute in hindi',)",2020-05-24 15:52:46+00:00,1274144,31789,2318.0,May
296,"(""India's Most Powerful Locomotive WAG-12| Features WAG 12 12000 hp Locomotive Enters Indian Railways"",)",2020-05-24 14:58:41+00:00,4840688,161185,3886.0,May
297,"('Plant Root and Their Types | Function of Root | Modified Root | in Hindi',)",2020-05-23 15:42:56+00:00,1467964,45563,1105.0,May
298,"('Black box Pakistan Plane Crash: PIA Plane Crashes In Karachi',)",2020-05-23 13:58:20+00:00,548434,23605,472.0,May
299,"('ECG,BLOOD PRESSURE in hindi',)",2020-05-23 13:57:34+00:00,6092016,155410,3817.0,May
300,"('India Nepal Border Dispute | ‡§≤‡§ø‡§™‡•Å‡§≤‡•á‡§ñ-‡§ï‡§æ‡§≤‡§æ‡§™‡§æ‡§®‡•Ä ‡§µ\u200d‡§ø‡§µ‡§æ‡§¶ | in Hindi',)",2020-05-22 12:51:18+00:00,6137284,128782,,May
301,"('India Nepal Border Dispute | ‡§≤‡§ø‡§™‡•Å‡§≤‡•á‡§ñ-‡§ï‡§æ‡§≤‡§æ‡§™‡§æ‡§®‡•Ä ‡§µ\u200d‡§ø‡§µ‡§æ‡§¶ | in Hindi',)",2020-05-21 16:43:33+00:00,3469151,100141,,May
302,"('India-china Border dispute',)",2020-05-21 07:21:39+00:00,407079,13710,938.0,May
303,"('Change In Labour Laws | UP Labour Laws Suspended | in Hindi',)",2020-05-15 10:28:49+00:00,3428609,97738,4545.0,May
304,"('What is MSME?',)",2020-05-15 05:37:33+00:00,3392969,106860,3177.0,May
305,"('‡§π‡•ç‡§∞‡§¶‡§Ø ‡§ï‡•à‡§∏‡•á ‡§ï‡§æ‡§Æ ‡§ï‡§∞‡§§‡§æ ‡§π‡•à ? ‡§π‡•ç‡§∞‡§¶‡§Ø ‡§ï‡•Ä ‡§∏‡§Ç‡§∞‡§ö‡§®‡§æ ‡§è‡§µ‡§Ç ‡§ï‡§æ‡§∞‡•ç‡§Ø | Human Heart & Its Function in Hindi',)",2020-05-14 08:24:45+00:00,14992674,392234,10367.0,May
306,"('‡§Ü‡§§‡•ç‡§Æ ‡§®‡§ø‡§∞‡•ç‡§≠‡§∞ ‡§≠‡§æ‡§∞‡§§',)",2020-05-13 13:32:26+00:00,696390,28935,1183.0,May
307,"('Warm & Cold Blooded Animal | ‡§∏‡§Æ‡§§‡§æ‡§™‡•Ä | ‡§µ‡§ø‡§∑‡§Æ‡§§‡§æ‡§™‡•Ä | in Hindi',)",2020-05-13 10:42:34+00:00,1946120,60554,921.0,May
308,"('Blood Circulation | ‡§∞‡•Å‡§ß‡§ø‡§∞ ‡§™‡§∞‡§ø‡§∏‡§Ç‡§ö‡§∞‡§£ | Artery | ‡§ß‡§Æ‡§®‡•Ä | Veins | ‡§∂‡§ø‡§∞‡§æ | in Hindi',)",2020-05-13 10:16:28+00:00,4713194,129843,3738.0,May
309,"('‡§Æ‡§æ‡§§‡§æ-‡§™‡§ø‡§§‡§æ ‡§ï‡•á ‡§¨‡•ç‡§≤‡§° ‡§ó‡•ç‡§∞‡•Å‡§™ ‡§∏‡•á ‡§¨‡§ö‡•ç‡§ö‡•á ‡§ï‡•á ‡§¨‡•ç‡§≤‡§° ‡§ó‡•ç‡§∞‡•Å‡§™ ‡§ú‡§æ‡§®‡§®‡•á ‡§ï‡§æ ‡§Ü‡§∏‡§æ‡§® ‡§§‡§∞‡•Ä‡§ï‡§æ | in Hindi',)",2020-05-11 15:16:33+00:00,2593056,71294,1446.0,May
310,"('Blood Group | RH-factor (+ve/-ve) in Hindi',)",2020-05-09 16:08:30+00:00,5145189,147276,4966.0,May
311,"('Blood Clotting | Blood Coagulation in Hindi',)",2020-05-09 11:44:20+00:00,3503379,102800,2675.0,May
312,"('Human Blood | RBC | WBC | Platelets in Hindi',)",2020-05-09 11:32:03+00:00,14137203,410075,11296.0,May
313,"('Types of Human Tissue | Tissue Functions | Histology in Hindi',)",2020-05-08 10:12:22+00:00,2516692,67711,1698.0,May
314,"('‡§ú‡§æ‡§®‡§ø‡§è- ‡§ï‡•à‡§∏‡•á ‡§π‡•ã‡§§‡§æ ‡§π‡•à ‡§ï‡•ã‡§∞‡•ã‡§®‡§æ ‡§ï‡§æ ‡§ü‡•á‡§∏‡•ç‡§ü ? What is RT-PCR ? in HINDI | Khan GS Research Centre',)",2020-05-08 09:21:57+00:00,2679473,75999,1781.0,May
315,"('DNA ‡§î‡§∞ RNA ‡§Æ‡•á‡§Ç ‡§Ö‡§Ç‡§§‡§∞ | Differences Between DNA and RNA | Khan GS Research Center',)",2020-05-07 16:04:11+00:00,6852694,225276,6508.0,May
316,"('‡§ï‡•ç‡§Ø‡§æ ‡§π‡•à SSC ‡§ï‡§æ UFM ‡§®‡§ø‡§Ø‡§Æ ? SSC UFM Rule | Khan GS Research Center',)",2020-05-02 14:21:17+00:00,382655,14611,395.0,May
317,"('‡§Æ‡§æ‡§®‡§µ ‡§ï‡•ã‡§∂‡§ø‡§ï‡§æ | Human Cell | Types of Cell | Biology | Part - 2 |  Khan GS Research Center',)",2020-05-02 13:48:25+00:00,3907022,112594,3400.0,May
318,"('‡§Æ‡§æ‡§®‡§µ ‡§ï‡•ã‡§∂‡§ø‡§ï‡§æ | Human Cell | Biology | Khan GS Research Center',)",2020-05-02 08:15:04+00:00,15880548,466609,16437.0,May
319,"('Why Companies left China ? Current Affairs Update | Khan GS Research Center',)",2020-05-01 14:27:35+00:00,1647455,41215,1577.0,May
320,"('Know the fact of Foreign Direct Investment (FDI) in India |  Khan GS Research Center',)",2020-04-30 14:49:17+00:00,4402792,70617,3394.0,Apr
321,"('‡§∏‡§Æ‡§ù‡§ø‡§è ‡§ï‡•ç‡§Ø‡§æ ‡§π‡•ã‡§§‡•Ä ‡§π‡•à ‡§π‡•á‡§≤‡§ø‡§ï‡•â‡§™‡•ç‡§ü‡§∞ ‡§Æ‡§®‡•Ä | What is Helicopter Money | Khan GS Research Center',)",2020-04-30 14:23:35+00:00,772041,29728,1182.0,Apr
322,"('Loan Write Off | ‡§ï‡§∞‡•ç‡§ú‡§æ ‡§Æ‡§æ‡§´‡•Ä |  Khan GS Research Center',)",2020-04-30 13:22:58+00:00,654809,18869,641.0,Apr
323,"('Strategic Petroleum Reserve | Petrol Price | ‡§™‡•á‡§ü‡•ç‡§∞‡•ã‡§≤ ‡§≠‡§Ç‡§°‡§æ‡§∞ | UPDATED | Khan GS Research Center',)",2020-04-30 12:22:20+00:00,4154205,89868,4814.0,Apr
324,"('‡§ö‡•Ä‡§® ‡§ï‡•ã ‡§ï‡•ç‡§Ø‡•Ç ‡§¨‡§ö‡§æ ‡§∞‡§π‡§æ ‡§π‡•à W H O ?  | Khan GS Research Center',)",2020-04-29 12:14:41+00:00,626923,18781,814.0,Apr
325,"(""‡§ï‡•ã‡§∞‡•ã‡§®‡§æ ‡§µ‡§æ‡§Ø‡§∞‡§∏ ‡§´‡•à‡§≤‡§æ‡§®‡•á ‡§ï‡•á ‡§≤‡§ø‡§è ‡§ö‡•Ä‡§® ‡§™‡§∞ '‡§ï‡§°‡§º‡§æ' ‡§ú‡•Å‡§∞‡•ç‡§Æ‡§æ‡§®‡§æ ? | Khan GS Research Center"",)",2020-04-29 10:23:49+00:00,228355,7001,196.0,Apr
326,"('Respiratory System | ‡§∂‡•ç‡§µ‡§∏‡§® ‡§§‡§Ç‡§§‡•ç‡§∞ | Khan GS Research Center',)",2020-04-29 09:35:35+00:00,9133388,255028,7169.0,Apr
327,"('‡§ï‡•ç‡§Ø‡§æ 29 ‡§Ö‡§™‡•ç‡§∞‡•à‡§≤ ‡§ï‡•ã ‡§¶‡•Å‡§®‡§ø‡§Ø‡§æ ‡§ñ‡§§‡•ç‡§Æ ‡§π‡•ã ‡§ú‡§æ‡§è‡§ó‡•Ä ? Asteroid Hit Earth In 29 April 2020 | Khan GS',)",2020-04-28 14:40:24+00:00,4585684,79207,1786.0,Apr
328,"('‡§™‡•ç‡§≤‡§æ‡§ú‡•ç‡§Æ‡§æ ‡§•‡•á‡§∞‡§™‡•Ä ‡§ï‡•ç‡§Ø‡§æ ‡§π‡•à? ‡§ï‡•ã‡§∞‡•ã‡§®‡§æ ‡§µ‡§æ‡§Ø‡§∞‡§∏ ‡§ï‡•á ‡§á‡§≤‡§æ‡§ú ‡§Æ‡•á‡§Ç ‡§ï‡•à‡§∏‡•á ‡§ï‡§æ‡§∞‡§ó‡§∞ ‡§π‡•à | Plasma Therapy | Khan GS',)",2020-04-28 10:02:49+00:00,767108,26819,960.0,Apr
329,"('Corona Vaccine  BCG | ‡§ï‡•ã‡§∞‡•ã‡§®‡§æ ‡§ü‡•Ä‡§ï‡§æ | Khan GS Research Center patna',)",2020-04-27 13:32:45+00:00,172789,5985,168.0,Apr
330,"('Mixed Gland | ‡§Æ‡§ø‡§∂‡•ç‡§∞‡§ø‡§§ ‡§ó‡•ç‡§∞‡§Ç‡§•‡§ø | Part - 3 | Khan GS Research Center',)",2020-04-25 11:03:58+00:00,676136,20395,327.0,Apr
331,"('Endocrine Gland | ‡§Ö‡§Ç‡§§: ‡§∏‡•ç‡§∞‡§æ‡§µ‡•Ä ‡§ó‡•ç‡§∞‡§Ç‡§•‡§ø | Part - 2 | Khan GS Research Center',)",2020-04-25 10:37:31+00:00,1982612,46454,834.0,Apr
332,"('Exocrine Gland | Liver | Gland | ‡§¨‡§π‡§ø‡§∞‡•ç‡§∏‡•ç‡§∞‡§æ‡§µ‡•Ä ‡§ó‡•ç‡§∞‡§Ç‡§•‡§ø | ‡§ú‡§ø‡§ó‡§∞ | Part - 1 | Khan GS Research Center',)",2020-04-24 13:03:49+00:00,2510274,69111,1925.0,Apr
333,"('Excretory System | ‡§â‡§§‡•ç‡§∏‡§∞‡•ç‡§ú‡§® ‡§§‡§Ç‡§§‡•ç‡§∞ | Kidney | ‡§ó‡•Å‡§∞‡•ç‡§¶‡§æ | ‡§µ‡•É‡§ï‡•ç‡§ï | Khan GS Research Center | Patna',)",2020-04-23 12:01:11+00:00,5412358,149941,4101.0,Apr
334,"('Digestive System | ‡§™‡§æ‡§ö‡§® ‡§§‡§Ç‡§§‡•ç‡§∞ | Part -2 | Khan GS Research Center | Patna',)",2020-04-22 13:29:55+00:00,2837615,64907,1311.0,Apr
335,"('Digestive System | ‡§™‡§æ‡§ö‡§®  ‡§§‡§Ç‡§§‡•ç‡§∞ | Khan GS Research Center | Patna',)",2020-04-21 13:31:16+00:00,6831242,156199,3205.0,Apr
336,"('‡§Æ‡§æ‡§®‡§µ ‡§¶‡§æ‡§Ç‡§§ | Human Teeth | Biology | by Khan GS',)",2020-04-20 12:39:48+00:00,2347784,60924,1176.0,Apr
337,"('‡§ú‡§æ‡§®‡§ø‡§è ‡§ï‡•ç‡§Ø‡§æ ‡§π‡•ã‡§§‡§æ ‡§π‡•à ? Homosexual | Lesbian | Gay | Bi- sexual  |Trans-gender | LGBT | by Khan GS',)",2020-04-19 11:53:51+00:00,6191021,187576,9838.0,Apr
338,"('Article 123 | ‡§∞‡§æ‡§∑‡•ç‡§ü‡•ç‡§∞-‡§™‡§§‡§ø ‡§ï‡§æ ‡§Ö‡§ß‡•ç‡§Ø‡§æ‡§¶‡•á‡§∂ | Ordinance | by Khan Sir',)",2020-04-19 10:13:00+00:00,848675,24251,354.0,Apr
339,"('‡§Ö‡§®‡•Å‡§¶‡§æ‡§® ‡§Æ‡§æ‡§Ç‡§ó | ‡§µ‡§ø‡§®‡§ø‡§Ø‡•ã‡§ó | ‡§∏‡§Æ‡•ç‡§™‡•Ç‡§∞‡•ç‡§£ ‡§¨‡§ú‡§ü | Budget | Part -  2 | by Khan Sir',)",2020-04-19 09:48:00+00:00,385968,10299,222.0,Apr
340,"('‡§Ö‡§Ç‡§§‡§∞‡§ø‡§Æ ‡§¨‡§ú‡§ü | ‡§Ü‡§Æ ‡§¨‡§ú‡§ü | ‡§≤‡•á‡§ñ‡§æ‡§®‡•Å‡§¶‡§æ‡§® | Vote on Account | Part- 1 | by Khan Sir',)",2020-04-18 13:22:30+00:00,523781,16144,238.0,Apr
341,"('‡§ß‡§® ‡§µ‡§ø‡§ß‡•á‡§Ø‡§ï ‡§§‡§•‡§æ ‡§µ‡§ø‡§§‡•ç‡§§ ‡§µ‡§ø‡§ß‡•á‡§Ø‡§ï | Money Bill & Finance Bill | Article 109/110/117',)",2020-04-18 11:15:51+00:00,790687,22474,371.0,Apr
342,"('‡§µ‡§ø‡§ß‡•á‡§Ø‡§ï ‡§ï‡•á ‡§™‡•ç‡§∞‡§ï‡§æ‡§∞ | Types of Bill  ‡§∏‡§∞‡§ï‡§æ‡§∞‡•Ä ‡§µ‡§ø‡§ß‡•á‡§Ø‡§ï | ‡§ó‡•à‡§∞ ‡§∏‡§∞‡§ï‡§æ‡§∞‡•Ä ‡§µ‡§ø‡§ß‡•á‡§Ø‡§ï | ‡§∏‡§æ‡§ß‡§æ‡§∞‡§£ ‡§µ‡§ø‡§ß‡•á‡§Ø‡§ï | by Khan Sir',)",2020-04-18 09:42:37+00:00,424814,11121,154.0,Apr
343,"('Joint Session | ‡§∏‡§Ç‡§Ø‡•Å‡§ï‡•ç‡§§ ‡§Ö‡§ß‡§ø‡§µ‡•á‡§∂‡§® | ‡§Ö‡§®‡•Å‡§ö‡•ç‡§õ‡•á‡§¶ 108 | by Khan Sir',)",2020-04-18 08:29:21+00:00,416446,12119,211.0,Apr
344,"('‡§µ‡§ø‡§ß‡•á‡§Ø‡§ï, ‡§ï‡§æ‡§®‡•Ç‡§® ‡§ï‡•à‡§∏‡•á ‡§¨‡§® ‡§ú‡§æ‡§§‡§æ ‡§π‡•à | Bill V/S ACT by Khan Sir',)",2020-04-13 15:12:53+00:00,504587,15211,435.0,Apr
345,"('‡§∏‡§Ç‡§∏‡§¶ ‡§ï‡•Ä ‡§ï‡§æ‡§∞‡§µ‡§æ‡§π‡•Ä | ‡§∏‡§Ç‡§∏‡§¶‡•Ä‡§Ø ‡§™‡•ç‡§∞‡§∏‡•ç‡§§‡§æ‡§µ | ‡§ß‡§®‡•ç‡§Ø‡§µ‡§æ‡§¶ | ‡§Ö‡§µ‡§ø‡§∂‡•ç‡§µ‡§æ‡§∏ | ‡§®‡§ø‡§Ç‡§¶‡§æ | ‡§∏‡•ç‡§•‡§ó‡§® | ‡§ï‡§ü‡•å‡§§‡•Ä | by Khan Sir',)",2020-04-13 09:41:42+00:00,554538,16983,467.0,Apr
346,"('‡§∏‡§Ç‡§∏‡§¶ ‡§ï‡•Ä ‡§ï‡§æ‡§∞‡§µ‡§æ‡§π‡•Ä | ‡§™‡•ç‡§∞‡•ç‡§∂‡§® ‡§ï‡§æ‡§≤ | ‡§∂‡•Ç‡§®‡•ç‡§Ø ‡§ï‡§æ‡§≤ | ‡§™‡•Ç‡§∞‡§ï ‡§™‡•ç‡§∞‡•ç‡§∂‡§® | Part - 1 by Khan Sir',)",2020-04-12 15:05:09+00:00,745655,22056,391.0,Apr
347,"('‡§Ö‡§∏‡•ç‡§•‡§æ‡§Ø‡•Ä ‡§∏‡§Æ‡§ø‡§§‡§ø | ‡§™‡•ç‡§∞‡§µ‡§∞ | ‡§∏‡§Ç‡§∏‡§¶‡•Ä‡§Ø | Ad-hoc Committee | by Khan Sir',)",2020-04-12 11:59:55+00:00,229529,7759,283.0,Apr
348,"('‡§∏‡•ç‡§•‡§æ‡§Ø‡•Ä ‡§∏‡§Æ‡§ø‡§§‡§ø | Standing Committee |  by Khan Sir',)",2020-04-12 11:14:56+00:00,561150,17489,555.0,Apr
349,"('‡§Ö‡§ß‡•ç‡§Ø‡§ï‡•ç‡§∑ ‡§§‡§•‡§æ ‡§â‡§™‡§æ‡§ß‡•ç‡§Ø‡§ï‡•ç‡§∑ | Speaker & Deputy Speaker | by Khan Sir',)",2020-04-12 07:54:41+00:00,583643,15529,279.0,Apr
350,"('Chairman & Deputy Chairman | ‡§∏‡§≠‡§æ‡§™‡§§‡§ø ‡§µ ‡§â‡§™-‡§∏‡§≠‡§æ‡§™‡§§‡§ø | by Khan Sir',)",2020-04-09 13:38:22+00:00,365346,8321,148.0,Apr
351,"('‡§∞‡§æ‡§∑‡•ç‡§ü‡•ç‡§∞‡§™‡§§‡§ø ‡§ï‡§æ ‡§Ö‡§≠‡§ø‡§≠‡§æ‡§∑‡§£ ‡§§‡§•‡§æ ‡§µ‡§ø‡§∂‡•á‡§∑ ‡§Ö‡§≠‡§ø‡§≠‡§æ‡§∑‡§£ by Khan Sir',)",2020-04-09 12:37:02+00:00,309781,7707,108.0,Apr
352,"('‡§™‡§∞‡§ø‡§∏‡•Ä‡§Æ‡§® | ‡§∏‡§§‡•ç‡§∞ | ‡§∏‡§§‡•ç‡§∞‡§æ‡§µ‡§∏‡§æ‡§® | ‡§Ü‡§π‡•Ç‡§§ | ‡§∏‡•ç‡§•‡§ó‡§® | ‡§µ‡§ø‡§ò‡§ü‡§® | ‡§≠‡§Ç‡§ó | by Khan Sir',)",2020-04-09 12:28:19+00:00,449502,12413,238.0,Apr
353,"('Lok Sabha vs Rajya Sabha | ‡§≤‡•ã‡§ï‡§∏‡§≠‡§æ | ‡§∞‡§æ‡§ú‡•ç‡§Ø‡§∏‡§≠‡§æ | by Khan Sir',)",2020-04-08 12:44:29+00:00,3068606,91776,1649.0,Apr
354,"('Parliament | ‡§∏‡§Ç‡§∏‡§¶ | by Khan Sir',)",2020-04-08 12:01:31+00:00,1406476,42943,485.0,Apr
355,"('Attorney General | Solicitor General | Advocate General | ‡§Æ‡§π‡§æ‡§ß‡§ø‡§µ‡§ï‡•ç‡§§‡§æ | ‡§™‡•ç‡§∞‡§ß‡§æ‡§® ‡§™‡§¨‡•ç‡§≤‡§ø‡§ï ‡§™‡•ç‡§∞‡•ã‡§∏‡•á‡§ï‡•ç‡§Ø‡•Ç‡§ü‡§∞',)",2020-04-07 11:46:57+00:00,932820,31707,714.0,Apr
356,"('Winds | ‡§™‡§µ‡§® | Breeze | Part 3 | By Khan Sir',)",2020-04-07 11:03:09+00:00,275426,6258,137.0,Apr
357,"('Winds | ‡§™‡§µ‡§® | Winds Jet-stream and Air Cell | Part 2 | By Khan Sir',)",2020-04-07 09:25:13+00:00,395275,11048,195.0,Apr
358,"('Winds | ‡§™‡§µ‡§® | By Khan Sir',)",2020-04-03 12:04:37+00:00,893706,26646,581.0,Apr
359,"('Pressure Belts | ‡§µ‡§æ‡§Ø‡•Å‡§¶‡§æ‡§¨ ‡§™‡•á‡§ü‡§ø‡§Ø‡§æ | by Khan Sir',)",2020-04-03 09:15:58+00:00,830841,26193,541.0,Apr
360,"('Rowlatt Act | Jallianwala Bagh | ‡§ú‡§≤‡§ø‡§Ø‡§æ‡§Ç‡§µ‡§æ‡§≤‡§æ ‡§¨‡§æ‡§ó ‡§π‡§§‡•ç‡§Ø‡§æ‡§ï‡§æ‡§Ç‡§° | ‡§∞‡•å‡§≤‡§ü ‡§è‡§ï‡•ç‡§ü | History And Facts  In Hindi',)",2020-03-30 12:34:59+00:00,1905774,65885,1180.0,Mar
361,"('Soap and Detergent (‡§∏‡§æ‡§¨‡•Å‡§® ‡§î‡§∞ ‡§°‡§ø‡§ü‡§∞‡•ç‡§ú‡•á‡§Ç‡§ü) | By Khan Sir | Khan GS Research Center | Patna',)",2020-03-30 10:05:21+00:00,1145112,33061,655.0,Mar
362,"('Water | Distilled Water | Soft Water | By Khan Sir | Khan gs research Centre | Water Part 3',)",2020-03-28 13:40:07+00:00,289460,8423,171.0,Mar
363,"('Water | Distilled Water | Soft Water | By Khan Sir | Khan gs research Centre | Water Part 2',)",2020-03-28 12:53:51+00:00,292289,8180,158.0,Mar
364,"('Water | Distilled Water | Soft Water | By Khan Sir | Khan gs research Centre | Water Part 1',)",2020-03-28 12:06:32+00:00,523386,17049,338.0,Mar
365,"('Sense Organ Skin | Ear | Eye | Tongue | Nose | khan gs | Khan gs research centre | khan Sir Patna',)",2020-03-26 13:54:39+00:00,1505884,37966,833.0,Mar
366,"('Sense Organ Skin | Ear | Eye | Tongue | Nose | khan gs | Khan gs research centre | khan Sir Patna',)",2020-03-26 08:39:09+00:00,1987144,51365,1012.0,Mar
367,"('Corona virus | Corona Update ,Covid 19 | Khan G.S | Khan gs reseach centre',)",2020-03-24 17:23:50+00:00,366799,11112,571.0,Mar
368,"('| ‡§Æ‡§Ç‡§§‡•ç‡§∞‡•Ä ‡§™‡§∞‡§ø‡§∑‡§¶ v/s ‡§Æ‡§Ç‡§§‡•ç‡§∞‡•Ä ‡§Æ‡§£‡•ç‡§°‡§≤ (‡§ï‡•à‡§¨‡§ø‡§®‡•á‡§ü ‡§Æ‡§Ç‡§§‡•ç‡§∞‡•Ä v/s ‡§∞‡§æ‡§ú‡•ç‡§Ø‡§Æ‡§Ç‡§§‡•ç‡§∞‡•Ä ‡§∏‡•ç‡§µ‡§§‡§Ç‡§§‡•ç‡§∞ ‡§™‡•ç‡§∞‡§≠‡§æ‡§∞) |Khan GS| Polity |',)",2019-05-21 17:56:36+00:00,1583958,54184,957.0,May
369,"('| Indian Polity ( ‡§≤‡•ã‡§ï‡§§‡§Ç‡§§‡•ç‡§∞, ‡§ó‡§£‡§∞‡§æ‡§ú‡•ç‡§Ø, ‡§∏‡§æ‡§Æ‡•ç‡§Ø‡§µ‡§æ‡§¶ ) By- Khan Sir | Khan GS Research Center |',)",2019-05-19 18:02:20+00:00,3620856,121510,2220.0,May
370,"('| Capacitor (‡§∏‡§Ç‡§ß‡§æ‡§∞‡§ø‡§§‡•ç‡§∞) By- Khan Sir | Khan GS Research Centre | Patna',)",2019-05-17 07:59:52+00:00,1606572,56370,1324.0,May
371,"('| Sericulture, Apiculture, Pisciculture | By - Khan sir',)",2019-05-15 08:29:04+00:00,1379205,45479,922.0,May
372,"('| United Nations ‡§∏‡§Ç‡§Ø‡•Å‡§ï‡•ç‡§§ ‡§∞‡§æ‡§∑‡•ç‡§ü‡•ç‡§∞ ‡§∏‡§Ç‡§ò ‡§ï‡§¨, ‡§ï‡•à‡§∏‡•á ‡§î‡§∞ ‡§ï‡•ç‡§Ø‡•ã‡§Ç ‡§¨‡§®‡§æ? By- KHAN GS | UPSC / IAS / State PSC',)",2019-05-13 16:37:16+00:00,3163530,113310,2354.0,May
373,"('| Indian Missile By - Khan Sir | Khan GS Research Center | For SSC, RRB NTPC, RAILWAY Etc.',)",2019-04-30 14:28:52+00:00,2331989,79431,1446.0,Apr
374,"('| Electric Current ( ‡§µ‡§ø‡§¶‡•ç‡§Ø‡•Å‡§§ ‡§ß‡§æ‡§∞‡§æ ) | Transformer|Ac Dc | Rectifier | Khan GS Research Centre |',)",2019-04-28 16:13:20+00:00,6919532,247495,5837.0,Apr
375,"('| Biology - Human Brain (‡§Æ‡§æ‡§®‡§µ ‡§Æ‡§∏‡•ç‡§§‡§ø‡§∑‡•ç‡§ï) | Khan GS Research Center | Patna',)",2019-04-26 11:32:50+00:00,9646330,268139,8535.0,Apr
